<!--该注释为!!!路径!!!,此为刚需!
  type="company" 
  block="block/quadbot-e.js" 
  generator="generator/quadbot-e.js" 
-->
<script type="text/javascript" src="../../blocks/company/quadbot-e.js"></script>
<script type="text/javascript" src="../../generators/arduino/company/quadbot-e.js"></script>
 
<!--根路径&外观配置&所有模块的内容物-->
<category id="XinLiTech QuadBot-E Lib" name="心力科技-QuadBot-E" colour= 20>
 		
	<!--板载LED引脚初始化-->
    <block type="initLed">
    </block>
	  
	<!--板载LED亮-->
    <block type="ledOn">
    </block>
	  
	<!--板载LED灭-->
    <block type="ledOff">
    </block>
	  
	<!--板载LED闪烁-->
    <block type="blink">
		<value name="delayTime">
			<shadow type="math_number">
				<field name="NUM">1000<field>
			</shadow>
		</value>
    </block>

	<!--舵机旋转指定角度-->
    <block type="servoRotateTo">
		<value name="angle">
			<shadow type="math_number">
				<field name="NUM">90<field>
			</shadow>
		</value>
    </block>

	<!--舵机从0度循环旋转指定角度-->
    <block type="servoSweep">
		<value name="angle">
			<shadow type="math_number">
				<field name="NUM">180<field>
			</shadow>
		</value>

		<value name="delayTime">
			<shadow type="math_number">
				<field name="NUM">15<field>
			</shadow>
		</value>
    </block>

    <!--安装模块-->
    <block type="setup">
    </block>

    <!--安装模块-->
    <block type="calibration">
    </block>

    <!--待机模块-->
    <block type="standby">
    </block>

    <!--前进模块-->
    <block type="forward">
    </block>

    <!--后退模块-->
    <block type="backward">
    </block>

    <!--左移模块-->
    <block type="leftshift">
    </block>

    <!--右移模块-->
    <block type="rightshift">
    </block>

    <!--左转模块-->
    <block type="turnleft">
    </block>

    <!--右转模块-->
    <block type="turnright">
    </block>

    <!--躺下模块-->
    <block type="lie">
    </block>

    <!--打招呼模块-->
    <block type="hello">
    </block>

    <!--战斗模块-->
    <block type="fighting">
    </block>

    <!--俯卧撑模块-->
    <block type="pushup">
    </block>

    <!--睡眠模块-->
    <block type="sleep">
    </block>

    <!--舞步1模块-->
    <block type="dance1">
    </block>

    <!--舞步2模块-->
    <block type="dance2">
    </block>

    <!--舞步3模块-->
    <block type="dance3">
    </block>

    <!--回中模块-->
    <block type="center">
    </block>

    <!--复位模块-->
    <block type="zero">
    </block>

    <!--遥控模块-->
    <block type="wifiControl">
    </block>

</category>